{
    "loss": 0.740965723991394,
    "accuracy": 0.699999988079071
}