{
    "loss": 268.1542663574219,
    "accuracy": 0.4444444477558136
}