{
    "loss": 151.90191650390625,
    "accuracy": 0.5555555820465088
}